id,title,old_frequency
53789930a3a7295dd332d9e7,Photographies série « Monuments historiques » de 1851 à 1914,unknown
5890bf72a3a72974c1f0dc82,Ressources pédagogiques du portail histoire des arts,unknown
5890bf72a3a72974c1f0dc83,Pratiques culturelles des français - Evolution 1973-2008,unknown
5890bf72a3a72974cbf0dc88,Liste des établissements de l'enseignement supérieur culture,unknown
5890bf73a3a72974c1f0dc85,Liste des organismes publics culturels géolocalisés,unknown
5890bf73a3a72974cbf0dc89,Structures de la création artistique,unknown
5890bf74a3a72974cbf0dc8c,Galaxie des offres éditoriales de culture.fr,unknown
5890bf75a3a72974cbf0dc8e,Nuit des musées 2016,unknown
5890bf76a3a72974c1f0dc8b,Photographies : Fonds de la guerre 14-18,unknown
5890bf76a3a72974cbf0dc8f,Institutions culturelles productrices de ressources pédagogiques en ligne,unknown
5890bf77a3a72974c1f0dc8e,Fréquentation dans les salles de cinéma,unknown
5890bf77a3a72974cbf0dc92,Etablissements cinématographiques en 2016,unknown
5890bf77a3a72974cbf0dc93,Photographies série « Monuments historiques » de 1851 à 1914,unknown
5890bf78a3a72974c1f0dc8f,Adresses des bibliothèques publiques,unknown
5890bf79a3a72974c1f0dc91,Recensement des circulaires de tri et de sélection des archives publiques,unknown
5890bf79a3a72974cbf0dc96,Images du Palais-Royal ,unknown
5890bf79a3a72974cbf0dc97,Principales structures culturelles dans la région Pays de la Loire,unknown
59592252a3a7291dcf9c81d7,Littoral Occitanie : liste des immeubles protégés,unknown
59592252a3a7291dd09c8176,Nuit des musées 2017,unknown
59592252a3a7291dd09c8177,Les entrées d'archives en 2016 aux Archives nationales,unknown
59592254a3a7291dd09c8178,Grands documents et images de l'histoire de France conservés par les Archives nationales,unknown
59855033a3a729783d0f577f,Répertoire des ressources documentaires du ministère de la Culture,unknown
59a78bf4a3a7294680fd9dc2,Etablissements cinématographiques en 2016,unknown
5a66b359b595080259223e22,Lieux culturels en Normandie,unknown
5aab4167a3a7291ed12c89f7,Les entrées d'archives aux Archives nationales,unknown
5ac44defb5950877d5c04a3c,Semaine de la langue française et de la francophonie 2018,unknown
5ac44dfdb5950877d5c04a3d,Nuit de la lecture 2018,unknown
5ac44e05b5950877d5c04a3e,Année européenne du patrimoine culturel 2018 (1e édition),unknown
5adfa98ca3a7295f0ef135a9,Rendez-vous aux Jardins 2018,unknown
5adfa98ea3a7295f0ef135aa,Rendez-vous aux Jardins 2017,unknown
5af120ddb595087cfabcde7c,Liste des objets mobiliers propriété publique classés au titre des Monuments Historiques,unknown
5af120e0b595087cfabcde7f,Corpus d'archives numérisées des Archives nationales,unknown
5af120e3b595087cfabcde80,Institutions culturelles productrices de ressources pédagogiques en ligne,unknown
5af120e5a3a7295e54c41a13,Pratiques culturelles des français - Evolution 1973-2008,unknown
5af120e8a3a7295e54c41a14,Fête de la musique 2018,unknown
5af120e9b595087cfabcde83,Nuit des musées 2018,unknown
5af120f2b595087cfabcde86,Base FranceTerme : Termes scientifiques et techniques,unknown
5af120f4b595087cfabcde87,Structures de la création artistique,unknown
5af120f6a3a7295e54c41a19,Principales structures culturelles dans la région Pays de la Loire,unknown
5af120f6b595087cfabcde88,Fréquentation dans les salles de cinéma,unknown
5af120f7a3a7295e54c41a1a,Fête de la musique 2017,unknown
5af120f8b595087cfabcde89,Grands documents et images de l'histoire de France conservés par les Archives nationales,unknown
5af120faa3a7295e54c41a1b,Etablissements cinématographiques en 2017,unknown
5af120fab595087cfabcde8a,Rendez-vous aux Jardins 2018,unknown
5af120fca3a7295e54c41a1c,Photographies : Fonds de la guerre 14-18,unknown
5af120fcb595087cfabcde8b,Semaine de la langue française et de la francophonie 2018,unknown
5af120fdb595087cfabcde8c,Liste des organismes publics culturels géolocalisés,unknown
5af120ffa3a7295e54c41a1d,Images du Palais-Royal ,unknown
5af12101b595087cfabcde8d,Recensement des circulaires de tri et de sélection des archives publiques,unknown
5af12107a3a7295e54c41a20,Vocabulaires du ministère de la Culture,unknown
5af12108a3a7295e54c41a21,Répertoire des ressources documentaires du ministère de la Culture,unknown
5af12108b595080488bcde6a,Opérations archéologiques dans la région Pays de la Loire,unknown
5af1210ab595080488bcde6b,Liste des établissements de l'enseignement supérieur culture,unknown
5af1210da3a7295e54c41a23,Archives publiques en France : données statistiques,unknown
5af1210fb595080488bcde6e,Photographies série « Monuments historiques » de 1851 à 1914,unknown
5af12110a3a7295e54c41a25,Rendez-vous Hip Hop 2018,unknown
5af12112b595080488bcde6f,Année européenne du patrimoine culturel 2018 (1e édition),unknown
5b175c59b59508473e15c490,Financements de travaux sur les immeubles protégés dans la région Pays de la Loire (2014-2017),unknown
5b51825fa3a72936dfe1c340,Panorama des festivals,unknown
5b98ec1806e3e74b212ffd31,Établissements de l’enseignement supérieur artistique : les partenariats internationaux,unknown
5bc6cf339ce2e72581422d3e,Liste des agences de presse agréées,unknown
5c3ece5906e3e726e94cc62c,Nuit de la Lecture 2019,unknown
5c5e55799ce2e76ae9b7f491,Aides à la presse : classement des principaux groupes de presse aidés,unknown
5c5e558f06e3e7266c232bba,Aides à la presse : classement des titres de presse aides,unknown
5c90a51306e3e731ee4d34ca,Liste des Maisons des illustres,unknown
5cdf85489ce2e771b4bdb17c,Nuit des musées 2019,unknown
5cf891869ce2e70a5346d3fc,Fête de la musique 2019,unknown
5d2d4e639ce2e74ea890b662,Données essentielles des conventions de subvention,unknown
5d64ab839ce2e74ef0d00585,Journées Européenes du Patrimoine - JEP 2019,unknown
5d805a9a06e3e71a790e40e2,Journées Européenes du Patrimoine - JEP 2018,unknown
5df8541b06e3e708c2fac9cf,Nuit de la lecture 2020,unknown
5dfd9aa3dee7e743bf8c3ede,Nuit de la lecture 2020,unknown
5e27c8e2dee7e70ed425e8d6,Liste des Musées de France,unknown
5ed720621bca55ea7d179ef6,Somme des dix plus hautes rémunérations directement versées par le ministère de la Culture,unknown
5eed8a0711125060874fc1c2,#Culturecheznous,unknown
5efd5bedac178b708badc549,Bibliographie d’architecture contemporaine,unknown
5efead8bb641831f9dadc547,Thésaurus de l’iconographie chrétienne,unknown
5f1bae655d1bd1ac4a6dcf10,Documentation d’architecture,unknown
5f3f46ed5216ff1fa758be26,Nuit des musées 2020,unknown
5f40987a71906fe72c58be26,Journées européenes du patrimoine - JEP 2020,unknown
60a48db81b21780934f75ba2,Les protocoles de remise des archives des cabinets présidentiels et ministériels 1976-2020,unknown
60c03d2332fb81d6b12fcb3b,Les expositions itinérantes empruntables dans les services d’archives,unknown
60c82683c235ca0dca2fcb3b,Nuit des musées 2021,unknown
60cc1a66b5b801fb222fcb3b,Les dénaturalisés de Vichy,unknown
6125c059dc295c5407ef6a5b,Les activités culturelles et pédagogiques dans les services d’archives,unknown
613835ed50587f0e7d2bd965,Journées européenes du patrimoine - JEP 2021,unknown
61777ddaa9101d073e5506cd,Base des lieux et équipements culturels (Basilic),unknown
61b4226ca5919d3b718b8e9e,Catalogue des données du ministère de la Culture,unknown
61bd5cf2183f79b0098b8e9e,Les usagers en ligne des services : données des enquêtes 2014 et 2021,unknown
62676ea6a33822fcdcf11a3b,Nuit européenne des musées 2022,unknown
628da9fd2d1c0c5b031c1aae,Indicateurs socio-économiques régionaux,unknown
62d237d5b09788e8dcf49334,Test-ra JEP 2021 copie,unknown
62da21021d3f7025e69ef260,Dépenses culturelles des communes,unknown
62da21042f59d0160d9ef260,Journées européennes du patrimoine - JEP 2022,unknown
6308455a35e36b025049e2dc,Nuits de la lecture 2022,unknown
633518ec7d88ad6fb4eacfa4,Dépenses culturelles des régions par secteur,unknown
633518ecb5deca30cdeacfa4,Dépenses du ministère de la Culture en région,unknown
633518ec6b559831b7eacfa4,Dépenses du ministère de la Culture par département,unknown
633518ec7d88ad6fb4eacfa5,Dépenses culturelles des régions (total),unknown
633669cc67e8653a40eacfa6,Dispositif Premières pages par département,unknown
633669cd02685f4c8beacfa5,Contrats départementaux lecture,unknown
633bafd227f49e4e8f8c0d3f,Dispositif Premières pages par commune,unknown
633bafd4a3f5260a3ceacfa6,Plan de relance : projets soutenus par le ministère de la Culture,unknown
633bafd527f49e4e8f8c0d40,Dispositif Premières pages par intercommunalité,unknown
6340f6052cbb8188ebeacfa4,Dépenses culturelles des départements par secteur,unknown
6340f606d04658a4a4eacfa4,Dépenses culturelles des intercommunalités par secteur,unknown
6340f606a6550b8bf4eacfa4,Dépenses culturelles des départements,unknown
6340f607d04658a4a4eacfa5,Dépenses culturelles des communes (2019-2020),unknown
6340f607b1c7e116b5eacfa4,Dépenses culturelles des intercommunalités,unknown
6350c885ecad6abcaa90f68f,JO 2024 : EPCI labellisés Terres de jeux 2024,unknown
6350c886dbe7e0f35f90f68e,Entreprises : évolution du chiffre d'affaires 2020 des librairies,unknown
6350c887cec32b14bc90f68e,JO 2024 : régions labellisées Terres de jeux 2024,unknown
6350c887210de3789f90f68e,Entreprises : évolution du chiffre d'affaires 2020 du spectacle vivant,unknown
6350c887d95d644f9c487174,JO 2024 : communes labellisées Terres de jeux 2024,unknown
6350c8872ca4725b1d90f68e,JO 2024 : départements labellisés Terres de jeux 2024,unknown
6350c887ecad6abcaa90f690,Entreprises : évolution du chiffres d'affaires 2020 des salles de cinémas,unknown
6358b1057280fb6a2a90f68e,Emploi : Actifs des secteurs culturels par région,unknown
6358b1077649e63c98487174,Entreprises : Nombre d'établissements culturels actifs par région,unknown
635a0251e708959bd890f68e,Emploi : Actifs des secteurs culturels par département,unknown
635a0251dc41dc073190f68f,Emploi : Actifs des secteurs culturels par zone d'emploi,unknown
635a0251dc41dc073190f690,Entreprises : Salariés des secteurs culturels par région,unknown
635a0251ae37fbcc1290f691,Emploi : Professions culturelles par département,unknown
635a0252f931c40e6390f68f,Emploi : Professions culturelles par zone d'emploi,unknown
635a0254f931c40e6390f690,Entreprises : Nombre d'établissements culturels actifs par département,unknown
635a02558c0544dea690f690,Entreprises : Salariés des secteurs culturels par zone d'emploi,unknown
635a0255905f648a9e90f68e,Entreprises : Salariés des secteurs culturels par département,unknown
635a0255ae37fbcc1290f692,Emploi : Professions culturelles par région,unknown
635a02568c0544dea690f691,Entreprises : Nombre d'établissements culturels actifs par zone d'emploi,unknown
6369d49e0096a79ab7f64c85,Revendications et restitutions d’archives publiques,unknown
63a5287d98eba18a5da80dc8,"Base Autor, ressources biographiques et identification des auteurs",unknown
63ec58db86b5c1d12a1a2e1c,"Label ""patrimoine européen""",unknown
63ec58de3c8c492d2d1a2e1b,Itinéraires culturels du Conseil de l’Europe,unknown
643e1636a4d39d1a7a538672,Rendez-vous aux jardins 2023,unknown
643e163ba4d39d1a7a538673,Nuit européenne des musées 2023,unknown
6476c67db705583749613674,Liste des organismes bénéficiant de l'exception au droit d’auteur en faveur des personnes en situation de handicap,unknown
64ae255bbc600d7a3468ee64,Dépenses culturelles des régions,unknown
64bf48ef0f6336d5979f7201,Journées européennes du patrimoine 2023,unknown
651e3557c5f0fe7fee6e33b0,Dépenses culturelles des communes,unknown
651e35587d7cd2bd756e33b0,Les publications scientifiques dans les services d’archives,unknown
6545c1e0bcab951e5a4090dd,Fréquentation des monuments nationaux,unknown
654efe0576333b96fdf2beac,La circulation des archives en Europe et hors Europe : suivi mensuel des ventes aux enchères,unknown
656565de619420d81ca3e3dc,Les aides déconcentrées au spectacle vivant (ADSV),unknown
657294f9cb30bf6cab745388,Vocabulaires du ministère de la Culture,unknown
6573e67e5c8fb12f7a16f253,Aide à l'itinérance des cirques de création,unknown
6573e67f33c6a8a6ffd630ac,Aides au Compagnonnage Plateau et Auteur,unknown
6573e67f509cbbd22ed630ac,Aides à l'itinérance des cirques de famille,unknown
6573e67f05ed2c02b4d630ac,Aides nationales à la création pour les arts du cirque et pour les arts de la rue,unknown
659d7d919a5ff8cfcbdf109b,francearchives.fr - Les lieux des archives,unknown
659d7da1a28b115513e756ff,francearchives.fr - Inventaires des archives françaises,unknown
659d7da2cedd8b3455e75703,Notices des fonds de la bibliothèque des Archives nationales du monde du travail,unknown
66063d22592637d8f57263d5,Nuit européenne des musées 2024,unknown
6646d7a92cfb143b25b34ed8,La circulation des archives en Europe et hors Europe : suivi des demandes de sortie au sein du territoire communautaire,unknown
664d6e7bcd0d879232e5a98b,Rendez-vous aux jardins 2024,unknown
6691fbc3e33ff438151ff6b5,Eté culturel 2024,unknown
6691fbc4e33ff438151ff6b6,Journées européennes du patrimoine 2024,unknown
67f7424b137aad8bcb9ac731,Données du système de déclaration de billetterie du spectacle vivant Sibil,unknown
