id,title_www,title_demo,frequency_www,frequency_demo
53698edca3a729239d2035ac,Annexe au projet de loi de finances pour 2012. Effort financier de l’État dans le domaine de la culture et de la communication,Annexe au projet de loi de finances pour 2012. Effort financier de l’État dans le domaine de la culture et de la communication,annual,annual
5369978fa3a729239d204d11,Journées européennes du patrimoine,Journées Européennes du Patrimoine,annual,annual
536998f0a3a729239d2050d1,Liste des diplômes de l'enseignement supérieur Culture,Liste des diplômes de l'enseignement supérieur Culture,annual,annual
53699915a3a729239d20514a,Liste des Etablissements Publics,Liste des Etablissements Publics,annual,annual
53699934a3a729239d2051a1,Liste et localisation des Musées de France,Liste et localisation des Musées de France,annual,annual
5369995fa3a729239d20522b,Egalité hommes-femmes dans la culture et la communication,Egalité hommes-femmes dans la culture et la communication,annual,annual
536c3e46a3a72933d8d1b394,Catalogue des collections numérisées - Base Patrimoine Numérique,Catalogue des collections numérisées - Base Patrimoine Numérique,quarterly,quarterly
536c46d6a3a72933d8d1b3a1,Les grands repères chronologiques par domaine artistique,Les grands repères chronologiques par domaine artistique,annual,annual
536c47bfa3a72933d8d1b3a6,Liste des Immeubles protégés au titre des Monuments Historiques (archives),Liste des Immeubles protégés au titre des Monuments Historiques (archives),annual,annual
536c47d9a3a72933d8d1b3b2,Liste des objets mobiliers propriété publique classés au titre des Monuments Historiques,Liste des objets mobiliers propriété publique classés au titre des Monuments Historiques,annual,annual
53789930a3a7295dd332d9e7,Photographies série « Monuments historiques » de 1851 à 1914,Photographies série « Monuments historiques » de 1851 à 1914,unknown,punctual
54748d26c751df0555c2acbd,Thésaurus de la désignation des objets mobiliers,Thésaurus de la désignation des objets mobiliers,punctual,punctual
549946f4c751df6a78048060,Liste des films en première exclusivité,Liste des films en première exclusivité,annual,annual
5550cfd9c751df388e190c78,Nuit des Musées : programme national de la 11ème édition  le 16 mai 2015,Nuit des Musées : programme national de la 11ème édition  le 16 mai 2015,annual,annual
565db6f2c751df2d32aad370,Aides à la presse,Aides à la presse,annual,annual
5890bf72a3a72974c1f0dc82,Ressources pédagogiques du portail histoire des arts,Ressources pédagogiques du portail histoire des arts,unknown,punctual
5890bf72a3a72974c1f0dc83,Pratiques culturelles des français - Evolution 1973-2008,Pratiques culturelles des français - Evolution 1973-2008,unknown,punctual
5890bf72a3a72974cbf0dc88,Liste des établissements de l'enseignement supérieur culture,Liste des établissements de l'enseignement supérieur culture,unknown,punctual
5890bf73a3a72974c1f0dc85,Liste des organismes publics culturels géolocalisés,Liste des organismes publics culturels géolocalisés,unknown,punctual
5890bf73a3a72974cbf0dc89,Structures de la création artistique,Structures de la création artistique,unknown,punctual
5890bf74a3a72974cbf0dc8c,Galaxie des offres éditoriales de culture.fr,Galaxie des offres éditoriales de culture.fr,unknown,punctual
5890bf75a3a72974cbf0dc8e,Nuit des musées 2016,Nuit des musées 2016,unknown,punctual
5890bf76a3a72974c1f0dc8b,Photographies : Fonds de la guerre 14-18,Photographies : Fonds de la guerre 14-18,unknown,punctual
5890bf76a3a72974cbf0dc8f,Institutions culturelles productrices de ressources pédagogiques en ligne,Institutions culturelles productrices de ressources pédagogiques en ligne,unknown,punctual
5890bf77a3a72974c1f0dc8e,Fréquentation dans les salles de cinéma,Fréquentation dans les salles de cinéma,unknown,punctual
5890bf77a3a72974cbf0dc92,Etablissements cinématographiques en 2016,Etablissements cinématographiques en 2016,unknown,punctual
5890bf77a3a72974cbf0dc93,Photographies série « Monuments historiques » de 1851 à 1914,Photographies série « Monuments historiques » de 1851 à 1914,unknown,punctual
5890bf78a3a72974c1f0dc8f,Adresses des bibliothèques publiques,Adresses des bibliothèques publiques,unknown,punctual
5890bf78a3a72974cbf0dc94,Fonds stratégique pour le développement de la presse (FSDP),Fonds stratégique pour le développement de la presse (FSDP),annual,annual
5890bf79a3a72974c1f0dc91,Recensement des circulaires de tri et de sélection des archives publiques,Recensement des circulaires de tri et de sélection des archives publiques,unknown,punctual
5890bf79a3a72974cbf0dc96,Images du Palais-Royal ,Images du Palais-Royal ,unknown,punctual
5890bf79a3a72974cbf0dc97,Principales structures culturelles dans la région Pays de la Loire,Principales structures culturelles dans la région Pays de la Loire,unknown,punctual
58eb9b68c751df1377f92daa,francearchives.fr – Inventaires et lieux des archives,francearchives.fr – Inventaires et lieux des archives,punctual,punctual
591c039988ee3851bec4cbf0,Nuit des musées 2017,Nuit des musées 2017,continuous,continuous
59592252a3a7291dcf9c81d7,Littoral Occitanie : liste des immeubles protégés,Littoral Occitanie : liste des immeubles protégés,unknown,punctual
59592252a3a7291dd09c8176,Nuit des musées 2017,Nuit des musées 2017,unknown,punctual
59592252a3a7291dd09c8177,Les entrées d'archives en 2016 aux Archives nationales,Les entrées d'archives en 2016 aux Archives nationales,unknown,punctual
59592254a3a7291dd09c8178,Grands documents et images de l'histoire de France conservés par les Archives nationales,Grands documents et images de l'histoire de France conservés par les Archives nationales,unknown,punctual
59855033a3a729783d0f577f,Répertoire des ressources documentaires du ministère de la Culture,Répertoire des ressources documentaires du ministère de la Culture,unknown,punctual
59a78bf4a3a7294680fd9dc2,Etablissements cinématographiques en 2016,Etablissements cinématographiques en 2016,unknown,punctual
5a66b359b595080259223e22,Lieux culturels en Normandie,Lieux culturels en Normandie,unknown,punctual
5aab4167a3a7291ed12c89f7,Les entrées d'archives aux Archives nationales,Les entrées d'archives aux Archives nationales,unknown,punctual
5ac44defb5950877d5c04a3c,Semaine de la langue française et de la francophonie 2018,Semaine de la langue française et de la francophonie 2018,unknown,punctual
5ac44dfdb5950877d5c04a3d,Nuit de la lecture 2018,Nuit de la lecture 2018,unknown,punctual
5ac44e05b5950877d5c04a3e,Année européenne du patrimoine culturel 2018 (1e édition),Année européenne du patrimoine culturel 2018 (1e édition),unknown,punctual
5adfa98ca3a7295f0ef135a9,Rendez-vous aux Jardins 2018,Rendez-vous aux Jardins 2018,unknown,punctual
5adfa98ea3a7295f0ef135aa,Rendez-vous aux Jardins 2017,Rendez-vous aux Jardins 2017,unknown,punctual
5af120d9b595087cfabcde7a,Aide à la distribution de la presse quotidienne nationale,Aide à la distribution de la presse quotidienne nationale,annual,annual
5af120ddb595087cfabcde7c,Liste des objets mobiliers propriété publique classés au titre des Monuments Historiques,Liste des objets mobiliers propriété publique classés au titre des Monuments Historiques,unknown,punctual
5af120e0b595087cfabcde7f,Corpus d'archives numérisées des Archives nationales,Corpus d'archives numérisées des Archives nationales,unknown,punctual
5af120e2a3a7295e54c41a11,Aide au pluralisme de la presse périodique régionale et locale,Aide au pluralisme de la presse périodique régionale et locale,annual,annual
5af120e3b595087cfabcde80,Institutions culturelles productrices de ressources pédagogiques en ligne,Institutions culturelles productrices de ressources pédagogiques en ligne,unknown,punctual
5af120e5a3a7295e54c41a13,Pratiques culturelles des français - Evolution 1973-2008,Pratiques culturelles des français - Evolution 1973-2008,unknown,punctual
5af120e5b595087cfabcde81,Immeubles protégés au titre des Monuments Historiques,Immeubles protégés au titre des Monuments Historiques,weekly,weekly
5af120e7b595087cfabcde82,Fréquentation des Musées de France,Fréquentation des Musées de France,annual,annual
5af120e8a3a7295e54c41a14,Fête de la musique 2018,Fête de la musique 2018,unknown,punctual
5af120e9b595087cfabcde83,Nuit des musées 2018,Nuit des musées 2018,unknown,punctual
5af120f1a3a7295e54c41a17,Aides aux publications nationales à faibles ressources publicitaires,Aides aux publications nationales à faibles ressources publicitaires,annual,annual
5af120f2b595087cfabcde86,Base FranceTerme : Termes scientifiques et techniques,Base FranceTerme : Termes scientifiques et techniques,unknown,punctual
5af120f4b595087cfabcde87,Structures de la création artistique,Structures de la création artistique,unknown,punctual
5af120f6a3a7295e54c41a19,Principales structures culturelles dans la région Pays de la Loire,Principales structures culturelles dans la région Pays de la Loire,unknown,punctual
5af120f6b595087cfabcde88,Fréquentation dans les salles de cinéma,Fréquentation dans les salles de cinéma,unknown,punctual
5af120f7a3a7295e54c41a1a,Fête de la musique 2017,Fête de la musique 2017,unknown,punctual
5af120f8b595087cfabcde89,Grands documents et images de l'histoire de France conservés par les Archives nationales,Grands documents et images de l'histoire de France conservés par les Archives nationales,unknown,punctual
5af120faa3a7295e54c41a1b,Etablissements cinématographiques en 2017,Etablissements cinématographiques en 2017,unknown,punctual
5af120fab595087cfabcde8a,Rendez-vous aux Jardins 2018,Rendez-vous aux Jardins 2018,unknown,punctual
5af120fca3a7295e54c41a1c,Photographies : Fonds de la guerre 14-18,Photographies : Fonds de la guerre 14-18,unknown,punctual
5af120fcb595087cfabcde8b,Semaine de la langue française et de la francophonie 2018,Semaine de la langue française et de la francophonie 2018,unknown,punctual
5af120fdb595087cfabcde8c,Liste des organismes publics culturels géolocalisés,Liste des organismes publics culturels géolocalisés,unknown,punctual
5af120ffa3a7295e54c41a1d,Images du Palais-Royal ,Images du Palais-Royal ,unknown,punctual
5af12101b595087cfabcde8d,Recensement des circulaires de tri et de sélection des archives publiques,Recensement des circulaires de tri et de sélection des archives publiques,unknown,punctual
5af12104b595087cfabcde8e,"Aide aux quotidiens régionaux, départementaux et locaux à faibles ressources de petites annonces","Aide aux quotidiens régionaux, départementaux et locaux à faibles ressources de petites annonces",annual,annual
5af12105a3a7295e54c41a1f,Aide à l’exemplaire des titres de presse portés,Aide à l’exemplaire des titres de presse portés,annual,annual
5af12107a3a7295e54c41a20,Vocabulaires du ministère de la Culture,Vocabulaires du ministère de la Culture,unknown,punctual
5af12108a3a7295e54c41a21,Répertoire des ressources documentaires du ministère de la Culture,Répertoire des ressources documentaires du ministère de la Culture,unknown,punctual
5af12108b595080488bcde6a,Opérations archéologiques dans la région Pays de la Loire,Opérations archéologiques dans la région Pays de la Loire,unknown,punctual
5af1210ab595080488bcde6b,Liste des établissements de l'enseignement supérieur culture,Liste des établissements de l'enseignement supérieur culture,unknown,punctual
5af1210da3a7295e54c41a23,Archives publiques en France : données statistiques,Archives publiques en France : données statistiques,unknown,punctual
5af1210fb595080488bcde6e,Photographies série « Monuments historiques » de 1851 à 1914,Photographies série « Monuments historiques » de 1851 à 1914,unknown,punctual
5af12110a3a7295e54c41a25,Rendez-vous Hip Hop 2018,Rendez-vous Hip Hop 2018,unknown,punctual
5af12112b595080488bcde6f,Année européenne du patrimoine culturel 2018 (1e édition),Année européenne du patrimoine culturel 2018 (1e édition),unknown,punctual
5b175c59b59508473e15c490,Financements de travaux sur les immeubles protégés dans la région Pays de la Loire (2014-2017),Financements de travaux sur les immeubles protégés dans la région Pays de la Loire (2014-2017),unknown,punctual
5b228739c751df5132e7fa55,Les  données du hackathon des Archives nationales,Les  données du hackathon des Archives nationales,punctual,punctual
5b448216a3a729752eb11d6f,Collections des musées de France : base Joconde,Collections des musées de France : base Joconde,weekly,weekly
5b51825fa3a72936dfe1c340,Panorama des festivals,Panorama des festivals,unknown,punctual
5b98ec1806e3e74b212ffd31,Établissements de l’enseignement supérieur artistique : les partenariats internationaux,Établissements de l’enseignement supérieur artistique : les partenariats internationaux,unknown,punctual
5bb834e89ce2e7693d2456a5,Liste des publications de presse,Liste des publications de presse,monthly,monthly
5bc6cf339ce2e72581422d3e,Liste des agences de presse agréées,Liste des agences de presse agréées,unknown,punctual
5bc6cf3a9ce2e72581422d3f,Liste des services de presse en ligne reconnus,Liste des services de presse en ligne reconnus,monthly,monthly
5c3538da9ce2e7459c6d765a,Les bibliothèques des collectivités territoriales : adresses et données d’activité,Les bibliothèques des collectivités territoriales : adresses et données d’activité,annual,annual
5c3ece5906e3e726e94cc62c,Nuit de la Lecture 2019,Nuit de la Lecture 2019,unknown,punctual
5c5e55799ce2e76ae9b7f491,Aides à la presse : classement des principaux groupes de presse aidés,Aides à la presse : classement des principaux groupes de presse aidés,unknown,punctual
5c5e558f06e3e7266c232bba,Aides à la presse : classement des titres de presse aides,Aides à la presse : classement des titres de presse aides,unknown,punctual
5c67b11f06e3e727a17bb849,Fonds de soutien à l'émergence et à l'innovation dans la presse,Fonds de soutien à l'émergence et à l'innovation dans la presse,annual,annual
5c89d1f49ce2e742e0e27c29,Annuaire des services d'archives publiques en France,Annuaire des services d'archives publiques en France,continuous,continuous
5c90a51306e3e731ee4d34ca,Liste des Maisons des illustres,Liste des Maisons des illustres,unknown,punctual
5cdf85489ce2e771b4bdb17c,Nuit des musées 2019,Nuit des musées 2019,unknown,punctual
5cf891869ce2e70a5346d3fc,Fête de la musique 2019,Fête de la musique 2019,unknown,punctual
5d12ee8206e3e762c0c89a4c,Répertoire des Musées de France : base Muséofile,Répertoire des Musées de France : base Muséofile,weekly,weekly
5d2d4e639ce2e74ea890b662,Données essentielles des conventions de subvention,Données essentielles des conventions de subvention,unknown,punctual
5d36c3696f44413d42ff4264,Règles juridiques d’accès aux documents publics,Règles juridiques d’accès aux documents publics,punctual,punctual
5d64ab839ce2e74ef0d00585,Journées Européenes du Patrimoine - JEP 2019,Journées Européenes du Patrimoine - JEP 2019,unknown,punctual
5d805a9a06e3e71a790e40e2,Journées Européenes du Patrimoine - JEP 2018,Journées Européenes du Patrimoine - JEP 2018,unknown,punctual
5df8541b06e3e708c2fac9cf,Nuit de la lecture 2020,Nuit de la lecture 2020,unknown,punctual
5dfd9aa3dee7e743bf8c3ede,Nuit de la lecture 2020,Nuit de la lecture 2020,unknown,punctual
5e27c8e2dee7e70ed425e8d6,Liste des Musées de France,Liste des Musées de France,unknown,punctual
5ed720621bca55ea7d179ef6,Somme des dix plus hautes rémunérations directement versées par le ministère de la Culture,Somme des dix plus hautes rémunérations directement versées par le ministère de la Culture,unknown,punctual
5ee2fe1cba88d5c5a1179ef2,Liste des jardins remarquables,Liste des jardins remarquables,daily,daily
5eed8a0711125060874fc1c2,#Culturecheznous,#Culturecheznous,unknown,punctual
5efd5bedac178b708badc549,Bibliographie d’architecture contemporaine,Bibliographie d’architecture contemporaine,unknown,punctual
5efead8bb641831f9dadc547,Thésaurus de l’iconographie chrétienne,Thésaurus de l’iconographie chrétienne,unknown,punctual
5f1bae655d1bd1ac4a6dcf10,Documentation d’architecture,Documentation d’architecture,unknown,punctual
5f3f46ed5216ff1fa758be26,Nuit des musées 2020,Nuit des musées 2020,unknown,punctual
5f40987a71906fe72c58be26,Journées européenes du patrimoine - JEP 2020,Journées européenes du patrimoine - JEP 2020,unknown,punctual
5f7fe0822a00717c597ce91e,Activité des services d’archives en France,Activité des services d’archives en France,annual,annual
5fc9b4729dbf684fecb13bae,Licences et demandes de licences d'entrepreneurs de spectacles vivants,Déclarations des entrepreneurs de spectacles vivants,daily,daily
6042fe6ba3ef9e914a7ce5a3,Liste des édifices labellisés « Architecture contemporaine remarquable » (ACR),Liste des édifices labellisés « Architecture contemporaine remarquable » (ACR),weekly,weekly
60a48db81b21780934f75ba2,Les protocoles de remise des archives des cabinets présidentiels et ministériels 1976-2020,Les protocoles de remise des archives des cabinets présidentiels et ministériels 1976-2020,unknown,punctual
60c03d2332fb81d6b12fcb3b,Les expositions itinérantes empruntables dans les services d’archives,Les expositions itinérantes empruntables dans les services d’archives,unknown,punctual
60c82683c235ca0dca2fcb3b,Nuit des musées 2021,Nuit des musées 2021,unknown,punctual
60cc1a66b5b801fb222fcb3b,Les dénaturalisés de Vichy,Les dénaturalisés de Vichy,unknown,punctual
6125c059dc295c5407ef6a5b,Les activités culturelles et pédagogiques dans les services d’archives,Les activités culturelles et pédagogiques dans les services d’archives,unknown,punctual
613835ed50587f0e7d2bd965,Journées européenes du patrimoine - JEP 2021,Journées européenes du patrimoine - JEP 2021,unknown,punctual
615bcdd729be9185b3b0681a,Liste des objets protégés au titre des Monuments historiques,Liste des objets protégés au titre des Monuments historiques,weekly,weekly
61777ddaa9101d073e5506cd,Base des lieux et équipements culturels (Basilic),Base des lieux et équipements culturels (Basilic),unknown,punctual
61b4226ca5919d3b718b8e9e,Catalogue des données du ministère de la Culture,Catalogue des données du ministère de la Culture,unknown,punctual
61bd5cf2183f79b0098b8e9e,Les usagers en ligne des services : données des enquêtes 2014 et 2021,Les usagers en ligne des services : données des enquêtes 2014 et 2021,unknown,punctual
61f4bbdba5c031406f952887,Liste des expositions ayant reçu le label « Exposition d’Intérêt National »,Liste des expositions ayant reçu le label « Exposition d’Intérêt National »,annual,annual
62676ea6a33822fcdcf11a3b,Nuit européenne des musées 2022,Nuit européenne des musées 2022,unknown,punctual
628da9fd2d1c0c5b031c1aae,Indicateurs socio-économiques régionaux,Indicateurs socio-économiques régionaux,unknown,punctual
628da9fdef366eb8a2c7fd48,"Pensions et secours aux combattants et victimes des révolutions de 1789, 1830 et 1848","Pensions et secours aux combattants et victimes des révolutions de 1789, 1830 et 1848",never,never
628da9ff6a98df840ec7fd48,Bannissement des députés de la Convention nationale ayant voté la mort du roi Louis XVI (1816),Bannissement des députés de la Convention nationale ayant voté la mort du roi Louis XVI (1816),notPlanned,punctual
628da9ff836d8bf454c7fd48,Liste des sites patrimoniaux remarquables (SPR),Liste des sites patrimoniaux remarquables (SPR),annual,annual
628da9ffef366eb8a2c7fd49,"Imprimeurs, libraires et lithographes en France au 19e siècle","Imprimeurs, libraires et lithographes en France au 19e siècle",irregular,irregular
62b6885593d5659857a1f84c,Enquêtes sur les moulins de 1794 à 1809,Enquêtes sur les moulins de 1794 à 1809,notPlanned,punctual
62b6885766e6c0f18fa1f849,Moulins et meuniers en 1801,Moulins et meuniers en 1801,notPlanned,punctual
62b6885976485f1b15a1f84a,Tombes militaires de 1870-1871,Tombes militaires de 1870-1871,notPlanned,punctual
62ba7ce5f275fa925aa1f848,Déplacements des présidents de la République et des premiers ministres depuis 1945,Déplacements des présidents de la République et des premiers ministres depuis 1945,irregular,irregular
62cf95993d99f22480f49334,Liste des festivals en France,Liste des festivals en France,irregular,irregular
62d237d5b09788e8dcf49334,Test-ra JEP 2021 copie,Test-ra JEP 2021 copie,unknown,punctual
62da21021d3f7025e69ef260,Dépenses culturelles des communes,Dépenses culturelles des communes,unknown,punctual
62da21042f59d0160d9ef260,Journées européennes du patrimoine - JEP 2022,Journées européennes du patrimoine - JEP 2022,unknown,punctual
6308455a35e36b025049e2dc,Nuits de la lecture 2022,Nuits de la lecture 2022,unknown,punctual
633518ec6b559831b7eacfa4,Dépenses du ministère de la Culture par département,Dépenses du ministère de la Culture par département,unknown,punctual
633518ec7d88ad6fb4eacfa4,Dépenses culturelles des régions par secteur,Dépenses culturelles des régions par secteur,unknown,punctual
633518ec7d88ad6fb4eacfa5,Dépenses culturelles des régions (total),Dépenses culturelles des régions (total),unknown,punctual
633518ecb5deca30cdeacfa4,Dépenses du ministère de la Culture en région,Dépenses du ministère de la Culture en région,unknown,punctual
633669cc67e8653a40eacfa6,Dispositif Premières pages par département,Dispositif Premières pages par département,unknown,punctual
633669cd02685f4c8beacfa5,Contrats départementaux lecture,Contrats départementaux lecture,unknown,punctual
633bafd227f49e4e8f8c0d3f,Dispositif Premières pages par commune,Dispositif Premières pages par commune,unknown,punctual
633bafd4a3f5260a3ceacfa6,Plan de relance : projets soutenus par le ministère de la Culture,Plan de relance : projets soutenus par le ministère de la Culture,unknown,punctual
633bafd527f49e4e8f8c0d40,Dispositif Premières pages par intercommunalité,Dispositif Premières pages par intercommunalité,unknown,punctual
6340f6052cbb8188ebeacfa4,Dépenses culturelles des départements par secteur,Dépenses culturelles des départements par secteur,unknown,punctual
6340f606a6550b8bf4eacfa4,Dépenses culturelles des départements,Dépenses culturelles des départements,unknown,punctual
6340f606d04658a4a4eacfa4,Dépenses culturelles des intercommunalités par secteur,Dépenses culturelles des intercommunalités par secteur,unknown,punctual
6340f607b1c7e116b5eacfa4,Dépenses culturelles des intercommunalités,Dépenses culturelles des intercommunalités,unknown,punctual
6340f607d04658a4a4eacfa5,Dépenses culturelles des communes (2019-2020),Dépenses culturelles des communes (2019-2020),unknown,punctual
6348dfd167b474a8a5eacfa4,Accès anticipé aux archives publiques,Accès anticipé aux archives publiques,annual,annual
6350c885ecad6abcaa90f68f,JO 2024 : EPCI labellisés Terres de jeux 2024,JO 2024 : EPCI labellisés Terres de jeux 2024,unknown,punctual
6350c886dbe7e0f35f90f68e,Entreprises : évolution du chiffre d'affaires 2020 des librairies,Entreprises : évolution du chiffre d'affaires 2020 des librairies,unknown,punctual
6350c887210de3789f90f68e,Entreprises : évolution du chiffre d'affaires 2020 du spectacle vivant,Entreprises : évolution du chiffre d'affaires 2020 du spectacle vivant,unknown,punctual
6350c8872ca4725b1d90f68e,JO 2024 : départements labellisés Terres de jeux 2024,JO 2024 : départements labellisés Terres de jeux 2024,unknown,punctual
6350c887cec32b14bc90f68e,JO 2024 : régions labellisées Terres de jeux 2024,JO 2024 : régions labellisées Terres de jeux 2024,unknown,punctual
6350c887d95d644f9c487174,JO 2024 : communes labellisées Terres de jeux 2024,JO 2024 : communes labellisées Terres de jeux 2024,unknown,punctual
6350c887ecad6abcaa90f690,Entreprises : évolution du chiffres d'affaires 2020 des salles de cinémas,Entreprises : évolution du chiffres d'affaires 2020 des salles de cinémas,unknown,punctual
6358b1057280fb6a2a90f68e,Emploi : Actifs des secteurs culturels par région,Emploi : Actifs des secteurs culturels par région,unknown,punctual
6358b1077649e63c98487174,Entreprises : Nombre d'établissements culturels actifs par région,Entreprises : Nombre d'établissements culturels actifs par région,unknown,punctual
635a0251ae37fbcc1290f691,Emploi : Professions culturelles par département,Emploi : Professions culturelles par département,unknown,punctual
635a0251dc41dc073190f68f,Emploi : Actifs des secteurs culturels par zone d'emploi,Emploi : Actifs des secteurs culturels par zone d'emploi,unknown,punctual
635a0251dc41dc073190f690,Entreprises : Salariés des secteurs culturels par région,Entreprises : Salariés des secteurs culturels par région,unknown,punctual
635a0251e708959bd890f68e,Emploi : Actifs des secteurs culturels par département,Emploi : Actifs des secteurs culturels par département,unknown,punctual
635a0252f931c40e6390f68f,Emploi : Professions culturelles par zone d'emploi,Emploi : Professions culturelles par zone d'emploi,unknown,punctual
635a0254f931c40e6390f690,Entreprises : Nombre d'établissements culturels actifs par département,Entreprises : Nombre d'établissements culturels actifs par département,unknown,punctual
635a02558c0544dea690f690,Entreprises : Salariés des secteurs culturels par zone d'emploi,Entreprises : Salariés des secteurs culturels par zone d'emploi,unknown,punctual
635a0255905f648a9e90f68e,Entreprises : Salariés des secteurs culturels par département,Entreprises : Salariés des secteurs culturels par département,unknown,punctual
635a0255ae37fbcc1290f692,Emploi : Professions culturelles par région,Emploi : Professions culturelles par région,unknown,punctual
635a02568c0544dea690f691,Entreprises : Nombre d'établissements culturels actifs par zone d'emploi,Entreprises : Nombre d'établissements culturels actifs par zone d'emploi,unknown,punctual
6369d49e0096a79ab7f64c85,Revendications et restitutions d’archives publiques,Revendications et restitutions d’archives publiques,unknown,punctual
63994ae99eefb363aec8cd1d,"Pièces de théâtre écrites par des femmes, et représentées à Paris entre 1809 et 1906","Pièces de théâtre écrites par des femmes, et représentées à Paris entre 1809 et 1906",irregular,irregular
63a5287d98eba18a5da80dc8,"Base Autor, ressources biographiques et identification des auteurs","Base Autor, ressources biographiques et identification des auteurs",unknown,punctual
63c61dcb633c6fe129f0b7db,Voyages officiels de personnalités étrangères en France (1944-2018),Voyages officiels de personnalités étrangères en France (1944-2018),irregular,irregular
63ec58db86b5c1d12a1a2e1c,"Label ""patrimoine européen""","Label ""patrimoine européen""",unknown,punctual
63ec58de3c8c492d2d1a2e1b,Itinéraires culturels du Conseil de l’Europe,Itinéraires culturels du Conseil de l’Europe,unknown,punctual
642e445d0d25370b8c538672,Préfets et préfètes français depuis 1800,Préfets et préfètes français depuis 1800,irregular,irregular
643e1636a4d39d1a7a538672,Rendez-vous aux jardins 2023,Rendez-vous aux jardins 2023,unknown,punctual
643e163ba4d39d1a7a538673,Nuit européenne des musées 2023,Nuit européenne des musées 2023,unknown,punctual
64420a8318228ca8eb2ca03c,Chiffres clés dans le secteur du livre,Chiffres clés dans le secteur du livre,annual,annual
645b17000fe2ea7c74a08435,Dossiers nominatifs du fichier central de la Sûreté nationale (1870-1940),Dossiers nominatifs du fichier central de la Sûreté nationale (1870-1940),irregular,irregular
645dba566328c14734f10162,Notices d'Images du Centre de recherche et de restauration des musées de France (C2RMF),Notices d'Images du Centre de recherche et de restauration des musées de France (C2RMF),semiannual,semiannual
645dba5e689c8bd47ea0842c,Notices de documents du Centre de recherche et de restauration des musées de France (C2RMF),Notices de documents du Centre de recherche et de restauration des musées de France (C2RMF),semiannual,semiannual
645dba61b96d7efc86f10162,Notices d'oeuvres du Centre de recherche et de restauration des musées de France (C2RMF),Notices d'oeuvres du Centre de recherche et de restauration des musées de France (C2RMF),semiannual,semiannual
6476c67db705583749613674,Liste des organismes bénéficiant de l'exception au droit d’auteur en faveur des personnes en situation de handicap,Liste des organismes bénéficiant de l'exception au droit d’auteur en faveur des personnes en situation de handicap,unknown,punctual
64ae255bbc600d7a3468ee64,Dépenses culturelles des régions,Dépenses culturelles des régions,unknown,punctual
64bf48ef0f6336d5979f7201,Journées européennes du patrimoine 2023,Journées européennes du patrimoine 2023,unknown,punctual
64d30fc7a4b93f07e39f7201,Veille internationale du ministère de la Culture,Veille internationale du ministère de la Culture,monthly,monthly
64f94bd6fe99708f22ae9bff,Cartographie des démarches du ministère de la Culture accessibles en ligne,Cartographie des démarches du ministère de la Culture accessibles en ligne,annual,annual
64ffe26548c71b35f5bedb7a,Aide au pluralisme des services de presse tout en ligne,Aide au pluralisme des services de presse tout en ligne,annual,annual
64ffe268165699ecb9ae9bff,Aide au pluralisme des titres ultramarins,Aide au pluralisme des titres ultramarins,annual,annual
651e3557c5f0fe7fee6e33b0,Dépenses culturelles des communes,Dépenses culturelles des communes,unknown,punctual
651e35587d7cd2bd756e33b0,Les publications scientifiques dans les services d’archives,Les publications scientifiques dans les services d’archives,unknown,punctual
6545c1e0bcab951e5a4090dd,Fréquentation des monuments nationaux,Fréquentation des monuments nationaux,unknown,punctual
654efe0576333b96fdf2beac,La circulation des archives en Europe et hors Europe : suivi mensuel des ventes aux enchères,La circulation des archives en Europe et hors Europe : suivi mensuel des ventes aux enchères,unknown,punctual
656021161c89036d00a6435b,Mentions d’événements climatiques et naturels dans les archives depuis la fin du XVIIIe siècle,Mentions d’événements climatiques et naturels dans les archives depuis la fin du XVIIIe siècle,irregular,irregular
656565de619420d81ca3e3dc,Les aides déconcentrées au spectacle vivant (ADSV),Les aides déconcentrées au spectacle vivant (ADSV),unknown,punctual
657294f9cb30bf6cab745388,Vocabulaires du ministère de la Culture,Vocabulaires du ministère de la Culture,unknown,punctual
6573e6765c8fb12f7a16f252,La circulation des archives en Europe et hors Europe : suivi des demandes de sortie du territoire,La circulation des archives en Europe et hors Europe : suivi des demandes de sortie du territoire,annual,annual
6573e67e5c8fb12f7a16f253,Aide à l'itinérance des cirques de création,Aide à l'itinérance des cirques de création,unknown,punctual
6573e67f05ed2c02b4d630ac,Aides nationales à la création pour les arts du cirque et pour les arts de la rue,Aides nationales à la création pour les arts du cirque et pour les arts de la rue,unknown,punctual
6573e67f33c6a8a6ffd630ac,Aides au Compagnonnage Plateau et Auteur,Aides au Compagnonnage Plateau et Auteur,unknown,punctual
6573e67f509cbbd22ed630ac,Aides à l'itinérance des cirques de famille,Aides à l'itinérance des cirques de famille,unknown,punctual
658509e59db812017fac1832,Plans cadastraux des immeubles de Paris 1809-1856,Plans cadastraux des immeubles de Paris 1809-1856,irregular,irregular
65962d7b574fe6e46fac1833,Les aides déconcentrées pour l’Eté Culturel,Les aides déconcentrées pour l’Eté Culturel,annual,annual
659d7d8e9a5ff8cfcbdf109a,Règles juridiques d’accès aux documents publics,Règles juridiques d’accès aux documents publics,continuous,continuous
659d7d919a5ff8cfcbdf109b,francearchives.fr - Les lieux des archives,francearchives.fr - Les lieux des archives,unknown,punctual
659d7da1a28b115513e756ff,francearchives.fr - Inventaires des archives françaises,francearchives.fr - Inventaires des archives françaises,unknown,punctual
659d7da2cedd8b3455e75703,Notices des fonds de la bibliothèque des Archives nationales du monde du travail,Notices des fonds de la bibliothèque des Archives nationales du monde du travail,unknown,punctual
65e002188f1681146bd981d7,Les chômeurs artistiques de Paris et sa petite couronne de 1930 à 1962,Les chômeurs artistiques de Paris et sa petite couronne de 1930 à 1962,irregular,irregular
65ea8dae877eed738c924b51,La circulation des archives en Europe et hors Europe : suivi mensuel des ventes aux enchères,La circulation des archives en Europe et hors Europe : suivi mensuel des ventes aux enchères,annual,annual
66063d22592637d8f57263d5,Nuit européenne des musées 2024,Nuit européenne des musées 2024,unknown,punctual
664433610b97fe15b6003fc4,Individus présumés émigrés pendant la Révolution française (1791-1815),Individus présumés émigrés pendant la Révolution française (1791-1815),never,never
6646d7a92cfb143b25b34ed8,La circulation des archives en Europe et hors Europe : suivi des demandes de sortie au sein du territoire communautaire,La circulation des archives en Europe et hors Europe : suivi des demandes de sortie au sein du territoire communautaire,unknown,punctual
6646d7b175de9daf204c46b1,La circulation des archives en Europe et hors Europe : suivi des demandes de sortie hors du territoire communautaire,La circulation des archives en Europe et hors Europe : suivi des demandes de sortie hors du territoire communautaire,annual,annual
664d6e7bcd0d879232e5a98b,Rendez-vous aux jardins 2024,Rendez-vous aux jardins 2024,unknown,punctual
6688c176f39a615a6b1cbe7e,Label 100% EAC,Label 100% EAC,annual,annual
6688c177f39a615a6b1cbe7f,Aide à l'exemplaire des titres de presse postés,Aide à l'exemplaire des titres de presse postés,annual,annual
6691fbc3e33ff438151ff6b5,Eté culturel 2024,Eté culturel 2024,unknown,punctual
6691fbc4e33ff438151ff6b6,Journées européennes du patrimoine 2024,Journées européennes du patrimoine 2024,unknown,punctual
67b94bd15afb2aa0b8e26089,Données enquête utilisation des archives recherche universitaire,Données enquête utilisation des archives recherche universitaire,irregular,irregular
67e59fbaa773f001a9710519,Compar:IA,Compar:IA old,monthly,monthly
67f7424b137aad8bcb9ac731,Données du système de déclaration de billetterie du spectacle vivant Sibil,Données du système de déclaration de billetterie du spectacle vivant Sibil,unknown,punctual
6811a04691e247a5e4622e11,Manuscrits de pièces de théâtre du 19e siècle conservés aux Archives nationales,Manuscrits de pièces de théâtre du 19e siècle conservés aux Archives nationales,irregular,irregular
