id,source
53698edca3a729239d2035ac,demo
5369978fa3a729239d204d11,demo
536998f0a3a729239d2050d1,demo
53699915a3a729239d20514a,demo
53699934a3a729239d2051a1,demo
5369995fa3a729239d20522b,demo
536c3e46a3a72933d8d1b394,demo
536c46d6a3a72933d8d1b3a1,demo
536c47bfa3a72933d8d1b3a6,demo
536c47d9a3a72933d8d1b3b2,demo
53789930a3a7295dd332d9e7,demo
54748d26c751df0555c2acbd,demo
549946f4c751df6a78048060,demo
5550cfd9c751df388e190c78,demo
565db6f2c751df2d32aad370,demo
5890bf72a3a72974c1f0dc82,demo
5890bf72a3a72974c1f0dc83,demo
5890bf72a3a72974cbf0dc88,demo
5890bf73a3a72974c1f0dc85,demo
5890bf73a3a72974cbf0dc89,demo
5890bf74a3a72974cbf0dc8c,demo
5890bf75a3a72974cbf0dc8e,demo
5890bf76a3a72974c1f0dc8b,demo
5890bf76a3a72974cbf0dc8f,demo
5890bf77a3a72974c1f0dc8e,demo
5890bf77a3a72974cbf0dc92,demo
5890bf77a3a72974cbf0dc93,demo
5890bf78a3a72974c1f0dc8f,demo
5890bf78a3a72974cbf0dc94,demo
5890bf79a3a72974c1f0dc91,demo
5890bf79a3a72974cbf0dc96,demo
5890bf79a3a72974cbf0dc97,demo
58eb9b68c751df1377f92daa,demo
591c039988ee3851bec4cbf0,demo
59592252a3a7291dcf9c81d7,demo
59592252a3a7291dd09c8176,demo
59592252a3a7291dd09c8177,demo
59592254a3a7291dcf9c81d8,demo
59592254a3a7291dd09c8178,demo
59855033a3a729783d0f577f,demo
59a78bf4a3a7294680fd9dc2,demo
5a3be6cc88ee3874634d5e1d,demo
5a66b359b595080259223e22,demo
5aab4167a3a7291ed12c89f7,demo
5ac44defb5950877d5c04a3c,demo
5ac44dfdb5950877d5c04a3d,demo
5ac44e05b5950877d5c04a3e,demo
5adfa98ca3a7295f0ef135a9,demo
5adfa98ea3a7295f0ef135aa,demo
5af120d9b595087cfabcde7a,demo
5af120ddb595087cfabcde7c,demo
5af120e0b595087cfabcde7f,demo
5af120e2a3a7295e54c41a11,demo
5af120e3b595087cfabcde80,demo
5af120e5a3a7295e54c41a13,demo
5af120e5b595087cfabcde81,demo
5af120e7b595087cfabcde82,demo
5af120e8a3a7295e54c41a14,demo
5af120e9b595087cfabcde83,demo
5af120f1a3a7295e54c41a17,demo
5af120f2b595087cfabcde86,demo
5af120f3a3a7295e54c41a18,demo
5af120f4b595087cfabcde87,demo
5af120f6a3a7295e54c41a19,demo
5af120f6b595087cfabcde88,demo
5af120f7a3a7295e54c41a1a,demo
5af120f8b595087cfabcde89,demo
5af120faa3a7295e54c41a1b,demo
5af120fab595087cfabcde8a,demo
5af120fca3a7295e54c41a1c,demo
5af120fcb595087cfabcde8b,demo
5af120fdb595087cfabcde8c,demo
5af120ffa3a7295e54c41a1d,demo
5af12101b595087cfabcde8d,demo
5af12104b595087cfabcde8e,demo
5af12105a3a7295e54c41a1f,demo
5af12107a3a7295e54c41a20,demo
5af12108a3a7295e54c41a21,demo
5af12108b595080488bcde6a,demo
5af1210ab595080488bcde6b,demo
5af1210da3a7295e54c41a23,demo
5af1210fb595080488bcde6e,demo
5af12110a3a7295e54c41a25,demo
5af12112b595080488bcde6f,demo
5b175c59b59508473e15c490,demo
5b228739c751df5132e7fa55,demo
5b435ff2c751df675059dde9,demo
5b448216a3a729752eb11d6f,demo
5b51825fa3a72936dfe1c340,demo
5b98ec1806e3e74b212ffd31,demo
5bb834e89ce2e7693d2456a5,demo
5bc6cf339ce2e72581422d3e,demo
5bc6cf3a9ce2e72581422d3f,demo
5c3538da9ce2e7459c6d765a,demo
5c3ece5906e3e726e94cc62c,demo
5c5e55799ce2e76ae9b7f491,demo
5c5e558f06e3e7266c232bba,demo
5c6290bd8b4c41056741c019,demo
5c67b11f06e3e727a17bb849,demo
5c89d1f49ce2e742e0e27c29,demo
5c90a51306e3e731ee4d34ca,demo
5cdf85489ce2e771b4bdb17c,demo
5cf891869ce2e70a5346d3fc,demo
5d12ee8206e3e762c0c89a4c,demo
5d2d4e639ce2e74ea890b662,demo
5d36c3696f44413d42ff4264,demo
5d64ab839ce2e74ef0d00585,demo
5d805a9a06e3e71a790e40e2,demo
5df8541b06e3e708c2fac9cf,demo
5dfd9aa3dee7e743bf8c3ede,demo
5e27c8e2dee7e70ed425e8d6,demo
5ed720621bca55ea7d179ef6,demo
5ee2fe1cba88d5c5a1179ef2,demo
5eed8a0711125060874fc1c2,demo
5efd5bedac178b708badc549,demo
5efead8bb641831f9dadc547,demo
5f1bae655d1bd1ac4a6dcf10,demo
5f3f46ed5216ff1fa758be26,demo
5f40987a71906fe72c58be26,demo
5f7fe0822a00717c597ce91e,demo
5fc9b4729dbf684fecb13bae,demo
6042fe6ba3ef9e914a7ce5a3,demo
60a48db81b21780934f75ba2,demo
60c03d2332fb81d6b12fcb3b,demo
60c82683c235ca0dca2fcb3b,demo
60cc1a66b5b801fb222fcb3b,demo
6125c059dc295c5407ef6a5b,demo
613835ed50587f0e7d2bd965,demo
615bcdd729be9185b3b0681a,demo
61777ddaa9101d073e5506cd,demo
61b4226ca5919d3b718b8e9e,demo
61bd5cf2183f79b0098b8e9e,demo
61f4bbdba5c031406f952887,demo
62676ea6a33822fcdcf11a3b,demo
628da9fd2d1c0c5b031c1aae,demo
628da9fdef366eb8a2c7fd48,demo
628da9ff6a98df840ec7fd48,demo
628da9ff836d8bf454c7fd48,demo
628da9ffef366eb8a2c7fd49,demo
62b6885593d5659857a1f84c,demo
62b6885766e6c0f18fa1f849,demo
62b6885976485f1b15a1f84a,demo
62ba7ce5f275fa925aa1f848,demo
62cf95993d99f22480f49334,demo
62d237d5b09788e8dcf49334,demo
62da21021d3f7025e69ef260,demo
62da21042f59d0160d9ef260,demo
6308455a35e36b025049e2dc,demo
63351899eabcfcee81fcf7c9,demo
633518ec6b559831b7eacfa4,demo
633518ec7d88ad6fb4eacfa4,demo
633518ec7d88ad6fb4eacfa5,demo
633518ecb5deca30cdeacfa4,demo
633669cc67e8653a40eacfa6,demo
633669cd02685f4c8beacfa5,demo
633bafd227f49e4e8f8c0d3f,demo
633bafd4a3f5260a3ceacfa6,demo
633bafd527f49e4e8f8c0d40,demo
6340f6052cbb8188ebeacfa4,demo
6340f606a6550b8bf4eacfa4,demo
6340f606d04658a4a4eacfa4,demo
6340f607b1c7e116b5eacfa4,demo
6340f607d04658a4a4eacfa5,demo
6348dfd167b474a8a5eacfa4,demo
6350c885ecad6abcaa90f68f,demo
6350c886dbe7e0f35f90f68e,demo
6350c887210de3789f90f68e,demo
6350c8872ca4725b1d90f68e,demo
6350c887cec32b14bc90f68e,demo
6350c887d95d644f9c487174,demo
6350c887ecad6abcaa90f690,demo
6358b1057280fb6a2a90f68e,demo
6358b1077649e63c98487174,demo
635a0251ae37fbcc1290f691,demo
635a0251dc41dc073190f68f,demo
635a0251dc41dc073190f690,demo
635a0251e708959bd890f68e,demo
635a0252f931c40e6390f68f,demo
635a0254f931c40e6390f690,demo
635a02558c0544dea690f690,demo
635a0255905f648a9e90f68e,demo
635a0255ae37fbcc1290f692,demo
635a02568c0544dea690f691,demo
6369d49e0096a79ab7f64c85,demo
63994ae99eefb363aec8cd1d,demo
63a5287d98eba18a5da80dc8,demo
63c61dcb633c6fe129f0b7db,demo
63ec58db86b5c1d12a1a2e1c,demo
63ec58de3c8c492d2d1a2e1b,demo
642e445d0d25370b8c538672,demo
643e1636a4d39d1a7a538672,demo
643e163ba4d39d1a7a538673,demo
643e7519b340b3aef8c68858,demo
64420a8318228ca8eb2ca03c,demo
645b17000fe2ea7c74a08435,demo
645dba566328c14734f10162,demo
645dba5e689c8bd47ea0842c,demo
645dba61b96d7efc86f10162,demo
6476c67db705583749613674,demo
64ae255bbc600d7a3468ee64,demo
64b5666824a0f20474315a29,demo
64bf48ef0f6336d5979f7201,demo
64d30fc7a4b93f07e39f7201,demo
64f94bd6fe99708f22ae9bff,demo
64ffe26548c71b35f5bedb7a,demo
64ffe268165699ecb9ae9bff,demo
651e3557c5f0fe7fee6e33b0,demo
651e35587d7cd2bd756e33b0,demo
6545c1e0bcab951e5a4090dd,demo
654efe0576333b96fdf2beac,demo
656021161c89036d00a6435b,demo
656565de619420d81ca3e3dc,demo
657294f9cb30bf6cab745388,demo
6573e6765c8fb12f7a16f252,demo
6573e67e5c8fb12f7a16f253,demo
6573e67f05ed2c02b4d630ac,demo
6573e67f33c6a8a6ffd630ac,demo
6573e67f509cbbd22ed630ac,demo
658509e59db812017fac1832,demo
65962d7b574fe6e46fac1833,demo
659d7d8e9a5ff8cfcbdf109a,demo
659d7d919a5ff8cfcbdf109b,demo
659d7da1a28b115513e756ff,demo
659d7da2cedd8b3455e75703,demo
65e002188f1681146bd981d7,demo
65ea8dae877eed738c924b51,demo
66063d22592637d8f57263d5,demo
664433610b97fe15b6003fc4,demo
6646d7a92cfb143b25b34ed8,demo
6646d7b175de9daf204c46b1,demo
664d6e7bcd0d879232e5a98b,demo
6688c176f39a615a6b1cbe7e,demo
6688c177f39a615a6b1cbe7f,demo
6691fbc3e33ff438151ff6b5,demo
6691fbc4e33ff438151ff6b6,demo
67a38113fbd6768786a812a9,demo
67b94bd15afb2aa0b8e26089,demo
67e59fbaa773f001a9710519,demo
67e6892a7e352c4de464b822,demo
67f7424b137aad8bcb9ac731,demo
67f7d36a927cd04f47a512d3,demo
67f7d9c0a1665115bae647fe,demo
67fe79efd6a64f5bb533e454,demo
6810c909372e0aaed7b52852,demo
6811a04691e247a5e4622e11,demo
6822fae037d3a190371f8312,demo
68406db1e28dc5578728f95d,demo
6842b8e772325215e9dbf196,demo
688743ed965b449b2170f45f,demo
6899f1a79c4720043136d939,demo
68c2e7a9a5c041499272d9fa,demo
68c3019f59e15e4d36e65f9b,demo
